username	all	month	week
0010fedde8e61cad5b049da6df8b5a	0.720010080645	0.789467592593	0.690972222222
0037c93a19a7e90580086b462ba11b	0.76807735426	0.730671296296	0.562996031746
005b1e0298bde6b726156aefb8d88c	0.708796296296	0.862152777778	0.868551587302
00ad591e46eb6f3d8c474d9de9e219	0.587301587302	0.152314814815	0.521825396825
00b602879b6f7d7e1d4223325e0cb2	0.824129188713	0.762731481481	0.671626984127
00f189f7091248c825f8dda0bc9d49	0.80788248982	0.862268518519	0.875992063492
0110f75c4a9998776f39d0ce7e5393	0.747299382716	0.88900462963	0.813492063492
012a5e138f69d2f344b9dceb7363e5	0.922786896745	0.928472222222	0.884920634921
01384258ba14c9f69775c93d5f37f7	0.771908068783	0.959027777778	0.775297619048
014813ebd3e875e031adf6ab717acc	0.759492243867	0.583912037037	0.16121031746
0149cde16952c52bd38550ba4e5c56	0.763413242009	0.883449074074	0.669146825397
0192d71b149f60e98272b3ad3daf05	0.913194444444	0.922685185185	0.918154761905
01b55a9e2a33743a3b956085974184	0.81087962963	0.2375	0.719742063492
01b752d455e97e5dd2262d339f2187	0.691666666667	0.748148148148	0.796626984127
01b913754e34bbac2a17afbc398702	0.856966145833	0.736805555556	0.84375
01bead0797b27df58534edb513d875	0.747222222222	0.721064814815	0.591765873016
01e5981deb68fca20a5df8afbb10c6	0.811443236715	0.822106481481	0.936507936508
01eac40da88f4124f77c4bef560296	0.757341269841	0.570833333333	0.756448412698
02316efb6bd3b6b4e0c66c76e6670e	0.702666234888	0.447916666667	0.289186507937
024ede0dc5e2ba4f3a1e3ac0c1d00c	0.869043209877	0.859837962963	0.875496031746
02fbc27420b2c30e451b2457f22141	0.775943396226	0.916550925926	0.840773809524
03acb838245a4a8759ae578654a02d	0.742842636268	0.494328703704	0.424107142857
03cbecdd10fc110f944598e0be40b1	0.736093921892	0.937731481481	0.806051587302
03def3ff5d97bbdcecbebc24127abe	0.824019220642	0.626388888889	0.445436507937
03eb449d4c70f8e3ac56103ac73c3b	0.715773809524	0.934375	0.821428571429
040725d6b140acf2a397cb0c73cc2b	0.822683239963	0.788078703704	0.729662698413
040b5924471555190718af6c85ae10	0.841351010101	0.757638888889	0.738095238095
04aef4dcc900428dc3149ae225c946	0.730505952381	0.622222222222	0.656746031746
04c637a3275db3424633c54380e9bb	0.838293650794	0.886574074074	0.681051587302
050c1a0fbce7016e7f4bc80db4ad48	0.649510732323	0.979398148148	0.85119047619
051c4d11b73e0c746f541900c8a77f	0.786851415094	0.590972222222	0.192956349206
0524d3d80b1ef3c1f3461e4be79e09	0.881423611111	0.895601851852	0.850694444444
05b481f82201b046c2a4041e8dad58	0.733791035354	0.763425925926	0.745535714286
072062ba13057f86f01b973e5816b2	0.891838972431	0.9	0.858630952381
075472ff830f0af299002eb58e6752	0.902069160998	0.741782407407	0.737103174603
076684ac117a69a4f0f4fa38ba7cdf	0.842729726172	0.970138888889	0.880952380952
078a07fe7678b6a753c0bad493a079	0.865011415525	0.902893518519	0.753968253968
07be9cae12e7949a3ea091a234d30f	0.832083333333	0.941435185185	0.834821428571
07d5c8ad8d738a25a840a40c9d8567	0.0426268861454	0.0025462962963	0.00297619047619
08862c9bfd746af55266a0dab423a3	0.833875338753	0.751851851852	0.684027777778
08c9c0c7ba6315bc25d4be42e96d9d	0.853251689189	0.821527777778	0.78125
092e4a55b080633e10d512ac718172	0.620827950043	0.559259259259	0.72371031746
0960992a602ba4ababb0331904686e	0.249040340592	0.881597222222	0.861607142857
09679e915f616fb92325199e5eb09e	0.811946733822	0.798148148148	0.660714285714
096ca3311db697f8649ffe05fe4aeb	0.81001984127	0.863888888889	0.816964285714
0989cbd4366827c00dfdd714109fee	0.503162202381	0.951157407407	0.809027777778
0a15406a2bb22146ff38112a069d21	0.546011586453	0.122106481481	0.584821428571
0a1e9fe959e71b8726bf4624f01aed	0.503128275681	0.244791666667	0.37003968254
0a8af9c3266e85424f0f19ca680571	0.867481203008	0.940856481481	0.874503968254
0aca27d8606603a5b724ecadc22a12	0.68515625	0.508796296296	0.592261904762
0ad5b9d4e167262984c32d1b739a5d	0.705952380952	0.709027777778	0.730158730159
0b350ff713362a4c43a66efb96e47d	0.708561020036	0.682986111111	0.407242063492
0b584953b03fae23902b345e51bb98	0.0436830873843	0.0	0.00297619047619
0b7ba47fa2c9b9f0120d25c0656d14	0.792671319797	0.950578703704	0.93253968254
0bb00fb47c91337b042f26ba1fcc22	0.581597222222	0.65775462963	0.00793650793651
0c4cfdbb19a269d483fa8170afa096	0.467013888889	0.0	0.133432539683
0c6e83d875bd1a9d891b72b4cf358a	0.534751647834	0.808912037037	0.885912698413
0c8329883df3990ffe40fb7ca7fc91	0.738425925926	0.802199074074	0.644345238095
0d22a9a924a511c3888cc7dc59d323	0.784722222222	0.819328703704	0.939484126984
0d34a9c298e491e364adc6a82056e8	0.857377163596	0.871412037037	0.696428571429
0e674a8cdc99b4816f9bd9477e4319	0.75900997151	0.576273148148	0.387896825397
0e9ffb39e292afbec5f8fc9a7ef940	0.676244075829	0.794675925926	0.768353174603
0ebb14c18a7366e828db8ef5052b86	0.815067693744	0.906481481481	0.800595238095
0ecf374e2e49e4b3983a6145a433d0	0.921610449735	0.928240740741	0.847222222222
0f8003dce10027e9cf358d6dc6e090	0.343500363108	0.0	0.223214285714
0fc773ac1322afc1e275c2486d5130	0.340277777778	0.0142361111111	0.327876984127
0ff4e370c221cd71bbb1f892c60cfd	0.872607376284	0.886921296296	0.698908730159
10162ae7e8d39aabc535f260d596f1	0.795101950355	0.742592592593	0.673115079365
1074f7c8efee6dc8bbc5ec7ad89442	0.857952172097	0.927083333333	0.884920634921
1101d4b240dd25ec1725b0eee37bf9	0.663703461315	0.949537037037	0.891369047619
114af4b3b47ec6a36e17a2c7a44749	0.794409430439	0.787152777778	0.797123015873
116c64689e15f67f238379893587f2	0.726038538539	0.757523148148	0.448412698413
11deada43ef9fcff5e3a4cdbd29963	0.787716384863	0.82349537037	0.833829365079
12150671b05423a52425cab27bb5ee	0.779307498057	0.9375	0.795634920635
12a468a2789185eb88d10d2160d12f	0.825727513228	0.732291666667	0.612103174603
12ec66058d1902e7b7ec6ab28cf856	0.817381996658	0.888194444444	0.503472222222
1312d7f4ed5089cb37d85c47288231	0.702182539683	0.556018518519	0.618055555556
135624cea737bee42fbaa1b91a56fc	0.68289792769	0.944675925926	0.8125
137346e57b98d9b78c0c9f7c0edb93	0.778416168411	0.692013888889	0.825396825397
140a53a7ca90e8018e99cee7761c30	0.810711279461	0.761921296296	0.705357142857
142fc4bd88dc6f5e96f49ff024e4ec	0.722638888889	0.827314814815	0.835813492063
1452e644c322e803452995cb466305	0.838092672414	0.858217592593	0.783234126984
1497ed40af9414459957bf370466cb	0.811982401656	0.775810185185	0.619047619048
14e5ece50e7aa32f9a974ccf35719b	0.743830605159	0.748148148148	0.917658730159
15209c0121564c1f89dd96179707c3	0.862331081081	0.877777777778	0.796130952381
15371c9c6324dc77d718fa94b69529	0.76851295406	0.783564814815	0.77380952381
15743b1b080bf672596da610d00522	0.857903719397	0.79525462963	0.772817460317
157b03b07c622c8adbc4232b441438	0.895632716049	0.877893518519	0.835813492063
1582c5dc0c4bed6d277da665db1260	0.871707375479	0.859143518519	0.861607142857
15caec931071ea566748bbf5f0b6a4	0.928787094548	0.908680555556	0.866567460317
15f2df470e3660b75fc76925e70232	0.766745580808	0.859953703704	0.717261904762
16270299b26539feb47cdb2f1b81cf	0.484837962963	0.310069444444	0.561011904762
163729952ae9eecf139845baeda371	0.496172839506	0.220023148148	0.340277777778
16d4312521b2cbdee64e6644e29054	0.754485852312	0.778356481481	0.757936507937
16e1e49fb51e7886e7973e39d51bbd	0.699521604938	0.474768518519	0.674603174603
1706fecc0f36ebbc5e7a105b64eccf	0.724566867125	0.186226851852	0.103670634921
178cd45409e49eae1f52c0f2479980	0.626804641813	0.815162037037	0.826884920635
17fdf471bc7fedcda1e565f951e638	0.87442862166	0.914583333333	0.856646825397
189b5ff48a2a5ddd241f9587423918	0.817333877996	0.89375	0.884920634921
18f1ad912b698ada34ddaf73678e5e	0.822189922481	0.920717592593	0.773313492063
198c5029e3aa7630cc1b62b85b2d74	1.03235479798	0.273726851852	1.1369047619
1a45c5172c06d063072dace5b7c12c	0.778339460784	0.778587962963	0.625992063492
1a876510d7aee92aca3989ee1c0020	0.921829071135	0.938078703704	0.849206349206
1aa53fe649e203726706595320da98	0.641369047619	0.571990740741	0.388888888889
1b450d42aa1574f5375f7d22565ffd	0.819688967136	0.79525462963	0.869543650794
1cb738c0f3b3b4a9d0064df62bb0be	0.188380636071	0.000115740740741	0.0183531746032
1cf9e655ad98382c92980c5fccf7e2	0.767394179894	0.856712962963	0.815476190476
1d0007d1f90993f448eff6a973d70b	0.820716873706	0.865625	0.809523809524
1d569ff8e413a5a44af0db94fdcbd0	0.928487654321	0.954861111111	0.87003968254
1d98a2b2caefa464459bad263d0026	0.725802277433	0.628587962963	0.633928571429
1e0fd9b2eb490d5ce303e3bd148a8a	0.645517676768	0.51724537037	0.826388888889
1e275e63cbe172d04d568e9c2b00ba	0.816910215903	0.903472222222	0.815476190476
1e43f70bd61756b4ad90be547c2dae	0.834777046784	0.864236111111	0.695436507937
1e83f6581e6d124029fca7bca4a810	0.712962962963	0.885185185185	0.78621031746
1fb7b5227d1e86236c22bafa7dacf6	0.898433607374	0.944675925926	0.86755952381
2002b7fae73b3eca6e54399e231067	0.844618055556	0.84837962963	0.813492063492
201a11f9ba14943dc59a6842ef2801	0.865808823529	0.888078703704	0.785714285714
211b6739fcda42309d57863bd80675	0.664783149895	0.403703703704	0.681547619048
21b91932c984bcd105d8bfe0b1d2de	0.807652417027	0.936574074074	0.833829365079
21def8d368b0157881c98e3d8860d5	0.733329020014	0.668518518519	0.652777777778
227db7cd007131836760f19c7b7c78	0.896143353175	0.843634259259	0.581349206349
2292e6ec7b01aa33f35b5dff6e1ebe	0.750283446712	0.658796296296	0.81001984127
22bd2149bacd368a2c15296578fd9a	0.34375	0.734490740741	0.822420634921
2314f392747213c7bcd883946743c2	0.90234375	0.260185185185	0.947420634921
232517602fe9040fa388f406b002f0	0.613431831066	0.480324074074	0.710317460317
23dd7c56cecf52554c32c44420bec9	0.559895833333	0.279398148148	0.170634920635
23f01897b465a7e603f716d49e58bb	0.787735155791	0.851736111111	0.862103174603
247952eb8303632c158ffa0185c065	0.634614124738	0.928125	0.835317460317
248cc5548c7e8f5f890b3a071c1ba6	0.78862654321	0.822916666667	0.513888888889
24e34142bb64641866b5ddac3567d4	0.553908934708	0.0918981481481	0.0545634920635
2568524213837a25d893463c3e02b6	0.6783203125	0.527430555556	0.331845238095
25dafd7aa2afd3ae1355a6d2905415	0.512878787879	0.950462962963	0.872023809524
260b1811305b777f3f074424cf9773	0.825142450142	0.847800925926	0.830357142857
2612582acc667696579bd50a625a21	0.809260292659	0.642013888889	0.567956349206
261418f8843720adb17d079a5866ff	0.843766534392	0.758564814815	0.794146825397
26172f477396c59506067f828f607d	0.787731481481	0.936458333333	0.791666666667
2626d4ba091a17213934b2bc2ade22	0.791234567901	0.935069444444	0.840773809524
266213e72d60945871ecf595386754	0.844597868217	0.866666666667	0.818452380952
26a80f69682e6859e3324d9905ac0a	0.21378968254	0.0634259259259	0.488591269841
26f7bfaf9ccc7ec0687a74046569c4	0.858949829932	0.717824074074	0.700396825397
2742b26665773e09b399c51ca40458	0.759763993317	0.741319444444	0.556051587302
27710178670c87859379846ec567e5	0.753472222222	0.918865740741	0.822916666667
283f2a07e4c293ade421a601083f02	0.841574074074	0.685185185185	0.664186507937
286b602673da039be5e4e381794827	0.65765610652	0.651041666667	0.785714285714
28b76d7b7879d364321f164df5169f	0.783613445378	0.899074074074	0.81498015873
29a4acfa71049cc2d3c12077c84c3b	0.808460421206	0.624189814815	0.47371031746
29c3c037f92f147ea0bfe044d5d0e6	0.57729261796	0.27349537037	0.493055555556
29d07c9c3db687d13720b5041d5139	0.913159013605	0.952430555556	0.889880952381
2a1d84bf3acff54b04018ec2c2cae0	0.877893518519	0.858333333333	0.869543650794
2a75a5cf8d766c3ebb6c4bc3d91bd1	0.403691520468	0.591898148148	0.657242063492
2b8ead75b7a5ab690c49be08382131	0.703183709071	0.961689814815	0.895337301587
2b937865069e56c50ccc98527b30c6	0.509057971014	0.671527777778	0.886904761905
2c4ad2fe7726d1a9e2c60bc58be868	0.653068475452	0.789236111111	0.574900793651
2c75f7f2d59ea06a68eb6a5eccf506	0.896400226757	0.930208333333	0.883928571429
2ca74215fa58afd6a48bfbead67b44	0.853640572391	0.850694444444	0.459325396825
2cd86f43b624fde6aea30f342d7134	0.287681878307	0.289699074074	0.363095238095
2d9bfbf3510280cc6304eb2cce71f2	0.809619633838	0.825231481481	0.792658730159
2df75edc6ef23015d5d9f13545d123	0.850486111111	0.815740740741	0.729662698413
2e13d3dbcba3c995f3d4e7bd8844c5	0.696000393082	0.715277777778	0.708829365079
2e47fa671e11cc8ec8f6d4101c4784	0.888625592417	0.883333333333	0.803075396825
2e53326fde758db89d75d0d61d6f50	0.299903959811	0.103587962963	0.0714285714286
2e698af616897dcedd12bac96d52c9	0.485880726698	0.600115740741	0.481150793651
2e92408051913cc1066f76c91c9246	0.858309990663	0.750347222222	0.710317460317
2ee79bd64eb6fd582412913120ad70	0.864840534979	0.919675925926	0.851686507937
2f15d3bd91a32935519d45ea9effe0	0.341168091168	0.191319444444	0.450396825397
2f540efac9718c0314eb6f43388cbf	0.87484375	0.966203703704	0.915674603175
2f5d97c14ca5124deef98fbb38c10a	0.824364797262	0.711342592593	0.631944444444
2f9fb993277606841171c769e47c52	0.754875886525	0.835648148148	0.690476190476
2fe8a3f09a1561db10604355b47bc8	0	0.0	0.0
30383e7d47ff768d56639c31ac2664	0.74927662037	0.927546296296	0.937996031746
3044a6ce0970427e59010f8fc8b8bc	0.750933706816	0.674884259259	0.739087301587
30b639aa61a5ea9037774f851b16f3	0.71482898715	0.546064814815	0.482638888889
32b4aad9a60113cf1f73fac012bef8	0.433350271003	0.836689814815	0.343253968254
330a17cd6f11ce92d79c642e9132a9	0.718936846039	0.198263888889	0.217261904762
331f9e3859ae7f3c457498d423d29d	0.541837832551	0.42974537037	0.851686507937
3433b99ae15eac12218463b6a2c117	0.763139978214	0.891782407407	0.381448412698
34c6ca6846047dd7a16aedd505ed4e	0.933366402116	0.95150462963	0.761904761905
35e29024ff6586014bddd2d16474ac	0.806150793651	0.76724537037	0.74255952381
362e35a74ec6ac238b4116ce95ff08	0.900364877589	0.896412037037	0.77876984127
3661fe3f6451eb631e9a37fb21ed27	0.75456871345	0.554166666667	0.71378968254
367957424898f30094a313a8dfe7ed	0.831299603175	0.703472222222	0.824404761905
367af08c71cb526ad42fc65714dec9	0.90449669967	0.820717592593	0.923115079365
3684bb92bf3e6b7bdbc07e848e9c6e	0.682120500782	0.709606481481	0.823412698413
368b8fa5cee89784e638e23e23f4a8	0.577682783019	0.822800925926	0.836805555556
3702251168421e1e17f16bc14cc7a6	0.762611373166	0.724074074074	0.839285714286
3753661a9d5b3a60897999d4fedded	0.808292137476	0.642013888889	0.433035714286
3782b301e15c952cbc19c1c98bee8a	0.90744498557	0.915972222222	0.881448412698
37b9b7bef58c02f4ecf382b5c9366d	0.849298747277	0.875231481481	0.808531746032
37f80b468799ef85995ea8431bb1ef	0.803240740741	0.0	0.688492063492
384a17127de114847970a3accf8f38	0.837053571429	0.873263888889	0.800099206349
389105942a8148a593ebe1bb8ec479	0.632274384113	0.477199074074	0.558035714286
38d593e48ff7254140a3516f02bc6f	0.63878968254	0.221527777778	0.236607142857
39d989611b9294da384d69912ba0fb	0.722790948276	0.657175925926	0.949404761905
39f8e26908212e0bd80b8e7a2014e1	0.743661175711	0.811689814815	0.729662698413
3b90be27df40f32c6f1f3d8b34ea6f	0.870471014493	0.491666666667	0.752976190476
3b9194dec36dff72dc00e4b2a38961	0.464330808081	0.100694444444	0.298115079365
3b958d2e045398f77baedcbf3410b6	0.793202457265	0.696759259259	0.597222222222
3b97be8c17009b0f933af5041bf982	0.71626984127	0.772569444444	0.815476190476
3bdaddbaa33208d5987909fba41dc2	0.656813672439	0.725347222222	0.815972222222
3cba761e8adea6632fd1b01d026948	0.533854166667	0.453703703704	0.428571428571
3cbba23994505ea5c4c6d3d93d9c22	0.865382251721	0.757407407407	0.88244047619
3cbde49e16775b9f840cfb5654ac04	0.7775	0.541782407407	0.740575396825
3cc372c34293a12a4747de441ba91a	0.560013717421	0.591435185185	0.586805555556
3ccd1cf7d78652fbfed174be249a1c	0.7484077655	0.687615740741	0.443452380952
3d71aec0c923af40af2105bbf44545	0.85109508547	0.540162037037	0.84623015873
3d7bb56b5b2156f800712593cfa44e	0.898410493827	0.934722222222	0.84126984127
3d806b3dbbc8dd51661daa79035744	0.682365543735	0.933217592593	0.896825396825
3d884974d32a29cc3585f687a5de2d	0.264928955453	0.0	0.000496031746032
3e003ad85a725fca24569f18f7fdb5	0.638005424063	0.726041666667	0.398313492063
3e2de6b182eae6ba165e0af0fdab66	0.809980936819	0.926851851852	0.684027777778
3e538816528192d5c787ef8caee3c7	0.719693732194	0.40462962963	0.510912698413
3e92f03679bb05403db2e0a5098a9b	0.861574074074	0.854398148148	0.734623015873
3f100b77dd1bf84507cc7c7411acf4	0.0106289272505	0.879398148148	0.872023809524
3fad705f411f95d3eaa321ea511dbf	0.619988207547	0.885532407407	0.641369047619
3fae5400215adabd7c5eff79e258c0	0.87620923162	0.807291666667	0.678571428571
3fb49e441674eaf31c46fa84f9960b	0.829622281011	0.715046296296	0.731150793651
404ed02d74afccd6699c02c6a182c9	0.722269463341	0.638773148148	0.62003968254
40de514ca63dbefed1dfd2fbe7d1ee	0.39786546339	0.890740740741	0.889384920635
41286bf5b22e17d17c8ccbfe617399	0.689338235294	0.910416666667	0.727678571429
418b14e536c5119cb6d41b6e6195c5	0.642194887707	0.539814814815	0.293650793651
4254639ce45668bb82c7962eed2413	0.665092592593	0.638773148148	0.498015873016
42774ab3885240e894a8b41088f20b	0.639400028201	0.420717592593	0.389384920635
431dc968fe058912881be32802f819	0.815112433862	0.761689814815	0.670634920635
4394a7c1e6d8cece567469f09a22fc	0.742271505376	0.910300925926	0.769841269841
439f25a873252e57dc53bf4ff48f39	0.743716931217	0.303240740741	0.931547619048
43c39b1685bb66fb14c792096f2f4d	0.739169973545	0.558680555556	0.407738095238
43da9ae6e7024bdca50048edf6bacc	0.00142820600273	0.0	0.0248015873016
44230ff5bb6f65b873a5c558d6f0d1	0.738447867299	0.536805555556	0.53373015873
4657af70565610d8993293f390719f	0.786856368564	0.621180555556	0.752976190476
465b4fc9166ea6ca592d9f80a6fc9c	0.658307613169	0.477199074074	0.393849206349
46ac353da40ca3d33ed959b510dd0b	0.808653846154	0.682407407407	0.737599206349
479a7c8b174b729035713037509a30	0.603179012346	0.876851851852	0.820436507937
48503c6935ae9ae6e6771cec843040	0.634803921569	0.875115740741	0.671130952381
4884d573f9c077520ec7cd8017eb66	0.267755681818	0.0	0.303571428571
48af4a10320be434da71b1ae045fd1	0.763951170902	0.592476851852	0.574900793651
4a0d38661564fcd2084fe5d0fbdef0	0.828241778774	0.47037037037	0.263888888889
4a486493d7b110787a61d718d60f29	0.862217881944	0.918055555556	0.893849206349
4bf81eae0bc7523d32b93cdefae5a5	0.198458672087	0.000115740740741	0.000496031746032
4c5574b887be4dce9858f537317a29	0.275633169935	0.0	0.184027777778
4ca7e7159c3873305be35f07cfe438	0.877173091459	0.935300925926	0.4375
4d7b612b1a80c29bdec61173152755	0.48163377193	0.464236111111	0.573412698413
4f684e79b5927c3709e9dad48e085e	0.787806919643	0.900462962963	0.767857142857
4fb5bb1f31cd836c4afe69eb46c4e5	0.795583333333	0.965856481481	0.885416666667
5049814dd0ad20183057c29e3de1b8	0.778709349593	0.869675925926	0.369047619048
505769fd337d823b318631a80921a6	0.785714285714	0.777546296296	0.774801587302
50a1d2b2f7a052598e08cfe384a5c1	0.5625	0.0	0.160714285714
50a23aaad145b0ad383bf75154f64c	0.0129324683965	0.000115740740741	0.000992063492063
511e64b56060885a3f3deba3fc9615	0.708251312336	0.787268518519	0.441468253968
516e5a0d3803b8a14d132d4d50e054	0.882068452381	0.966319444444	0.855158730159
518cfea2b595a9f40393ee5a019347	0.335468426501	0.597569444444	0.527777777778
51bbc59b59c49e7af848d5172ede97	0.859825937951	0.643402777778	0.491567460317
51f82152fc5766d5276106366b8a87	0.797415487421	0.513541666667	0.743055555556
520d976404a84906da23def41d8d18	0.800117924528	0.834490740741	0.778273809524
52abc212c35d14baad756836df8637	0.854946145125	0.853472222222	0.732638888889
52d685d3aae404e9eacdd610122b8a	0.867224880383	0.827430555556	0.541666666667
533c43f05f863b68dc308280b82820	0.937239583333	0.940162037037	0.878472222222
535140355ccbc04c7df08ecbb15c35	0.740031897927	0.64837962963	0.598214285714
53714fcb4f0e3d0b38e46c14c4def7	0.861774691358	0.74375	0.805555555556
53d04a5fdf4e70980d6b7a3445a323	0.88079455267	0.915509259259	0.774305555556
53d7e841681c11d27226549573afed	0.799752663623	0.934027777778	0.846726190476
53ff34c26d677b669e08d8f6b3b16b	0.863327752976	0.781365740741	0.68005952381
54952538d25f9855948aa42aa26d9f	0.701388888889	0.688541666667	0.389384920635
54b7e1a84c4dbf505485d92d9c3825	0.918823326432	0.952199074074	0.886408730159
55548757b3be0c39715ef6149c997b	0.746009535655	0.6	0.8125
55b6e3df71a9f475bbb5df01d3a191	0.775586569579	0.772916666667	0.499007936508
55d9bee3e49d81cd541710697e9dcb	0.5920781893	0.36087962963	0.633432539683
55e4ef1ebeb38d295d989862167519	0.781746031746	0.89837962963	0.830853174603
55ff472a7e33eca0f2296835b26297	0.912797619048	0.930555555556	0.828869047619
5683eb3da3741dba9c5732f4564930	0.123486080983	0.0	0.0282738095238
56e1faf89f5d68d2a40d0d136124d1	0.932914046122	0.956712962963	0.861607142857
57690ec03d9bd55c5a603fdcd1674e	0.175285947712	0.242476851852	0.217261904762
580fdf6aaa93400fde83fa68a16c72	0.75967920354	0.86875	0.813988095238
582cc8aa85aa29c97b635df6121c63	0.754114145658	0.869791666667	0.788194444444
58ce6aff619776e9eb802e120a137b	0.750383297258	0.617361111111	0.638888888889
59128e152852c4b56da79400220f77	0.0212581264775	0.0	0.0014880952381
59a6e34fe89b6649a1a773e690bcc6	0.834468046478	0.645601851852	0.620535714286
59b44dc3aa65b739900629969ec8e9	0.78092087941	0.927893518519	0.775297619048
5b2aff6fd66a986f67207c9dfe32de	0.79644510582	0.92349537037	0.814484126984
5b36497364aca644fba180c3867dfe	0.667196327684	0.772800925926	0.797619047619
5b38b483bf2de276d70a0a88349c12	0.854855599647	0.96724537037	0.861607142857
5b7b4bd33d4913997887d2f4c529e8	0.609681372549	0.172222222222	0.74255952381
5c6c0340c0fa515d2b2c9384dd8c1a	0.5029539801	0.825694444444	0.659722222222
5cab90836b10a24ee412148b6d25b4	0.782893105159	0.759606481481	0.624007936508
5ce7954b957c87f6e84328a3b0f38a	0.619482260726	0.559837962963	0.571924603175
5cecad68beea972b09fd7ebc656dc1	0.56637345679	0.5625	0.493055555556
5d18600f2b2c222b7acb59381c19c8	0.738331443689	0.60162037037	0.855654761905
5db54e6e024cb50a37669c8e67c77c	0.697480620155	0.955555555556	0.900793650794
5dbde03c099d10e28d11e9f2e0dfec	0.648830409357	0.711689814815	0.66369047619
5ddd631ac365b32b594ed50f6c8d42	0.417267628205	0.0	0.00347222222222
5efda76095de0d44d98fa04b3f10c4	0.811410064773	0.90625	0.792658730159
5fe575cba6e239cf733cd8bd84e32d	0.465218423552	0.183217592593	0.118551587302
6066bd613f5975b50862618956e7ec	0.789699644226	0.753240740741	0.829861111111
608bc6208aad00e86acdc4539970d8	0.804242530345	0.797222222222	0.849206349206
60edc65eb70b6c4ca1c07046d151d0	0.73795995671	0.390393518519	0.680555555556
612d1a0d4e59befa00fa39d044dcd1	0.809337183718	0.791319444444	0.548115079365
6136b0f74ca0a587aa0fc059feb71a	0.584301776266	0.327199074074	0.69494047619
6140df03b9199050f0989dad4ca23d	0.751666666667	0.949768518519	0.875496031746
61667a742d75951e3dd8125e606c9c	0.78382034632	0.964351851852	0.833829365079
6187d97145d2802adc355fd803659a	0.79739213948	0.773958333333	0.949900793651
61b6e794ea4f2dff15126c1e275a8a	0.726491013072	0.678472222222	0.874503968254
61eb74d4bd3b99c82e0f17408755d2	0.753644755003	0.773263888889	0.80753968254
621cfae73e3cfeaaaa7b28aa190de4	0.836264430014	0.939351851852	0.840277777778
62630508511827a5cc7c92f05da894	0.562602124183	0.601388888889	0.155257936508
62a539c1fffd790542f0254ed83bf8	0.885566188198	0.864351851852	0.907738095238
6313265aba151e951f8ec5f82cf8bf	0.649173699015	0.654166666667	0.0287698412698
636406784dd45d19ee11d389035a78	0.78976521164	0.673726851852	0.668154761905
636ffaacfa101193c643dd9ee39e89	0.768984487734	0.965162037037	0.808035714286
638450ee161ed54212bf38d25f55e8	0.94448757764	0.9625	0.873015873016
648a348c89de1523ebcdcb47e7eaf1	0.810953548086	0.733564814815	0.717261904762
64bd223336573208b665021e069bce	0.569031084656	0.872685185185	0.404761904762
64f69df8a06c72ddaf64b280c79e99	0.830979284369	0.83125	0.933035714286
654e53ec4b2e3250123f4499515492	0.888624338624	0.956712962963	0.816468253968
655a0942e2671169066d3cb95dc5ec	0.822548400673	0.762615740741	0.566964285714
655b7b1a8f7241321f8759b29da867	0.633705475811	0.671990740741	0.630456349206
658289f8dc454ef88136ba29558854	0.634382716049	0.918518518519	0.793650793651
65ba6283c5ac788e4a1a9b19080992	0.843061542146	0.78912037037	0.74503968254
65d1a19f4006422085108bed16c4e8	0.666895102339	0.465277777778	0.482638888889
66d15e528d7d9efb02b1b0cbf0138f	0.922495039683	0.946527777778	0.86755952381
673fb69d85e592ba4cbc1349cd998f	0.866711469534	0.556828703704	0.657738095238
67958cabc71d8ad41f3296199309a8	0.849517419962	0.830439814815	0.80753968254
67af8fbab044f29cff034a11582eff	0.894658521303	0.931944444444	0.844246031746
68005ee45407bf8cc26b6cd2b4f294	0.854448198198	0.852893518519	0.861111111111
686c3c7cd58b8ba29535d03474af1c	0.269303492849	0.0	0.791170634921
6874d79c69ff0060f2284594540d41	0.783966049383	0.924537037037	0.797123015873
688c883dc4b386437861c4333ecaa6	0.813291910331	0.934143518519	0.779265873016
68a9ed8230dc4d2acdcf132a1b5aea	0.789792281219	0.661921296296	0.897321428571
68e4cacc5a42a5485a1e0baf65a210	0.814137840671	0.945949074074	0.885912698413
691cad2979c309d9a9b290c83d15b3	0.719742063492	0.794444444444	0.787698412698
6aaed7189424180cc4adf058d4a872	0.820954959196	0.899884259259	0.827380952381
6b8ec5a0f7da5c08dd35ddf98ef1df	0.713234316853	0.473611111111	0.511408730159
6b93c9c95afa237d43c1db9d8f8625	0.690116995074	0.358333333333	0.684027777778
6be20412e0aef21f6d2a451b0ec551	0.773611111111	0.071875	0.797123015873
6c431b1f1dc0228ae24ad7001efb97	0.321748130342	0.0	0.27628968254
6c5385af6dbe606dae878ca43db289	0.671889838557	0.797569444444	0.674107142857
6c788230adedc851bdfeb1c5d6cc7a	0.663546061885	0.919791666667	0.790674603175
6d0d837492d3a5f6cc54978a40229f	0.840543593833	0.904861111111	0.881448412698
6d14155e93d33519d923c4581e5c9b	0.149465197957	0.0	0.0014880952381
6d7363df17881d4afef71897a74840	0.589476495726	0.133796296296	0.521329365079
6e3e2c66e67053ccf4201e98da759b	0.818213783404	0.843518518519	0.856646825397
6eaefb0669b89bf1645c3ab43ec71b	0.939059557439	0.962384259259	0.933531746032
6edf59d81a569cbc09d3028367e064	0.831012702401	0.612847222222	0.799603174603
6effe6abaf397c2c736ec6081a6d9c	0.878066378066	0.919675925926	0.824900793651
6f0aa941df4b1efb34192bf6e6aac7	0.697471509972	0.68587962963	0.852678571429
6f28edf9192d82f1e7b37c7551a46d	0.877519063181	0.909490740741	0.817956349206
6fc4ff63367f3bf350572aa4982a04	0.783950617284	0.929861111111	0.767857142857
7005914c2b3a1945ba461a5053efdf	0.708538587849	0.734143518519	0.665178571429
7013c2d0c31c5ef1ea723c1e92c086	0.703000992063	0.60462962963	0.501488095238
70eeb46158367f99ae639f7db8d5fd	0.860824150597	0.890046296296	0.917658730159
711d5730cbbfe0b8db6212622a7d04	0.644514556624	0.909722222222	0.727678571429
7160fbab6432fe1eda7484b4ab5e59	0.739315025253	0.861574074074	0.782738095238
71e921d4fe2625f2ea915afb7525e8	0.812783446712	0.955671296296	0.807043650794
72186a9252be488d1eaa56856a2208	0.938362663906	0.945138888889	0.816964285714
72494591fbfb1da418500fa804a58d	0.80201099537	0.898032407407	0.417658730159
725188ac89900e25dffce6454379e5	0.812061202686	0.709953703704	0.529265873016
725c50cc88843fa57864ee3fd7404b	0.830717592593	0.783333333333	0.755952380952
7263a142e11070d5ec5be943415678	0.728762492651	0.452893518519	0.484126984127
72903f761bf82c5c82cd2f5274fb1e	0.757716049383	0.764236111111	0.434523809524
729d6181f70676b50921b11d2b0009	0.724869551872	0.440162037037	0.047123015873
72c8afc9af4f27c60c5fb37745b26d	0.509435386473	0.141782407407	0.0188492063492
730c0823081c13ae37a76cd9e33ee5	0.0381944444444	0.0	0.00545634920635
73f79c01cf816fd2f2b4d5b1d62af2	0.859347731239	0.830902777778	0.631944444444
73f8a40532f9aabf9863a5cb523717	0.722167107584	0.91712962963	0.84375
7401ea65a705ca75bd2442ff51d526	0.734916125541	0.619328703704	0.390873015873
746876780097c142fef5de94ed1820	0.529513888889	0.0	0.15128968254
74f9b0b7b53f24100e070e56a7a1d9	0.655154320988	0.753472222222	0.708333333333
757b0530d13b3de4916324199ded90	0.900203544061	1.07013888889	0.670138888889
75e3669e556859f5610a985431264a	0.742940363349	0.826273148148	0.155753968254
75e434d264e403e90d266f64bf48fc	0.640847578348	0.484837962963	0.433531746032
767991688604744b9a48f4ea1e75be	0.739797261717	0.721412037037	0.552083333333
78c4b79979926e497905143df7ce89	0.884815705128	0.870138888889	0.849206349206
7926c06dbbddcd8a52a00af1f20dac	0.829799382716	0.803472222222	0.627976190476
792b94ad80885c219a53366de477d8	0.821223316913	0.833796296296	0.93005952381
79353b520f49595708e4716adcad56	0.378501647834	0.544560185185	0.675595238095
793ff087d7d76e23b360afbd27a86a	0.835407021605	0.924074074074	0.842261904762
7942ad3b074c140ea3a3f87e60af0e	0.871983506944	0.831828703704	0.878968253968
795df5a1693475e4d4256e5db8f98b	0.846587059621	0.696990740741	0.738095238095
79d9e8a91191a7acde373095ea0ddd	0.829370915033	0.875231481481	0.868055555556
79f367d85c945bad06d5f5875a2014	0.691978663446	0.917939814815	0.688492063492
79f4b27f5ce7d077263badb20105ea	0.517213356974	0.482407407407	0.195436507937
7a3236d1e82edfb253a0e4060ff64e	0.150960467706	0.0	0.0451388888889
7a50c5bfb860dfc196c36efcd16efd	0.910827020202	0.963194444444	0.830357142857
7a6807957292ffcfb332f74d67aef7	0.752355425601	0.192013888889	0.758928571429
7a8b3609bce722422a7e580b9e066c	0.798440065681	0.960416666667	0.871527777778
7a948fcd747481d49542261fc6b1ff	0.806950934579	0.844560185185	0.884424603175
7ad1ff9adefb088c4fbb78ded63c66	0.837121212121	0.887384259259	0.818948412698
7b29da901293c6e18b6c26f36ad3db	0.786458333333	0.744212962963	0.833333333333
7b6a968c870af716729f31054cc891	0.788255360624	0.878819444444	0.740575396825
7b97a29e7203dc5f32aa8821da2e74	0.801325312989	0.692361111111	0.47371031746
7be82d13020765b2ebf7392f67cb48	0.778505067568	0.675925925926	0.529265873016
7c275b0d8b1ddfbf36198e986ee80a	0.723127303844	0.827083333333	0.835317460317
7c3694c2e010767fcebb65f6e218fa	0.421180555556	0.152662037037	0.211805555556
7c5df93305dc2f585347e13be0ac7c	0.697601010101	0.573726851852	0.539682539683
7d2a3e1fc0e15fdb40c8dde5c35ebd	0.629254254254	0.793055555556	0.737103174603
7e132fdfeb2df021257ef506e1ecd4	0.91506689936	0.979861111111	0.883432539683
7e20a1a596799b4c457e3e49a79c75	0.749358076564	0.915393518519	0.824900793651
7e8dc006f0231afa476cab70d93a32	0.858261268344	0.636689814815	0.939484126984
7eab3d34a4f9cc42e6c3e3d2de0b92	0.732036402841	0.829398148148	0.808531746032
7ef749f04bab3516b5a520896a6ed1	0.822629490393	0.843055555556	0.798115079365
7f829326deffe82ed7359b19d27315	0.662563131313	0.465856481481	0.436507936508
7f8718c5d85f50485199f9c862383c	0.886170073375	0.970717592593	0.856646825397
7fbfeac3a96beabd8a47440a3e2042	0.864818295739	0.829513888889	0.859126984127
7fca76a46abb82af67a53c5038b1af	0.841139497161	0.964583333333	0.0654761904762
7fd36467948be6afd452ab54ac5714	0.726102941176	0.882407407407	0.825892857143
8078a1deb617a7bb746c04ad1c47c4	0.840524691358	0.908449074074	0.790178571429
80b9a05ad01ff1850c96fcf01cfc86	0.81511627907	0.848032407407	0.843253968254
8104d48477b8210ead480275990e21	0.794098899624	0.842476851852	0.954861111111
819ba11c9623058cfa45bffa957c4a	0.73290786385	0.771412037037	0.549603174603
8216b2c7553c9c95b1f7a2c0eaea87	0.916321601104	0.867939814815	0.743055555556
826670b3aea749fee89edec1945939	0.349756006006	0.0	0.00198412698413
826c160b4289c4450afdf2792c1be1	0.541201317297	0.607407407407	0.797123015873
82c07855fb3b3bd6c22dd0b6451a82	0.785947712418	0.62662037037	0.491567460317
82dfe38ffcf2c6f384c37af092d789	0.676298515982	0.445601851852	0.574900793651
83434df4972eb7eefbf28198ce1649	0.679136253041	0.742708333333	0.665178571429
8369befe9ccd401cc7d10d0f2911fa	0.454197303922	0.230208333333	0.0897817460317
838cc1148680ca545ebc6af044cb7c	0.901665581597	0.850578703704	0.90376984127
838cee70579050974b736b987e98dd	0.0537622100122	0.0	0.000496031746032
83ce99eba347726371bed5d07b15c3	0.844791666667	0.851967592593	0.891369047619
83dd9bf08969af7a178ad902c2f81b	0.76100308642	0.775462962963	0.785218253968
8436708bdb5435eb630e68bddf1a9f	0.870927318296	0.94837962963	0.833333333333
84b8b6a005b9351e0893fb2cd44cc7	0.80860548048	0.783449074074	0.896825396825
8509cfb3903b033343fa54129fdd0d	0.895046657986	0.898611111111	0.81498015873
856d016a4f8ed5b05714e919c3341b	0.842783052039	0.870023148148	0.808035714286
8580ba7b54fd1d595c5e589c77d319	0.722384475597	0.565972222222	0.53869047619
85ae772e4de64975d62be4ba1b41e8	0.893079501916	0.908564814815	0.798115079365
85d378a9066cce626a609168ba691a	0.751561669325	0.716782407407	0.638392857143
85f2ae5a83dfeb08f17108c6b9d8b2	0.95540577342	0.802893518519	0.75496031746
860d71ad19ed5a68164cffa7ec33aa	0.807205476753	0.722800925926	0.517857142857
863b12ceaa8ff93dfa03b614cea162	0.625787037037	0.676736111111	0.666666666667
8676550f9b27f4ee8f4d12d470589a	0.878472222222	0.715740740741	0.583333333333
86931281401f982af0f3102412fe05	0.854244987469	0.950578703704	0.765376984127
86983e1399c398f37968f493442195	0.5844571927	0.840972222222	0.812996031746
8722b1da10cc012cd6d8d78a768b6d	0.710648148148	0.536805555556	0.640873015873
87b3b80f1b3ff1ba10b012f728d0d3	0.839018620269	0.635416666667	0.798611111111
8864ed1e9788f54a85ca7d10221865	0.889863547758	0.729976851852	0.902281746032
8865bfc7fb29f3b9098217d2108e8f	0.489583333333	0.0	0.139880952381
886a7258ae05d2f7c03e06213cd81e	0.801837512291	0.934606481481	0.831845238095
88b06b07af9a8c43e3048003324a6c	0.867903645833	0.922800925926	0.876984126984
891da2ff36762eb98e64053824f996	0.850257817698	0.936574074074	0.710317460317
89aa701b385b0dc6d328a7ba18a5a4	0.0115106250602	0.895023148148	0.696428571429
89c7392bdbea8955189c7fbf33c921	0.857038429407	0.886458333333	0.840277777778
8a0a6a3d1f8923bb3d4396da92add3	0.666411356209	0.663541666667	0.636408730159
8b2e2f8a06e41e21063efc471ea7be	0.753898635478	0.862615740741	0.897817460317
8b32905dca5af2cb0f45055108a274	0.803432539683	0.75787037037	0.804067460317
8b375bb4d1da7b293cb828495460a9	0.679563492063	0.131828703704	0.794146825397
8b9e01c753c7986b008b1c3d896b5c	0.732726571268	0.934606481481	0.839285714286
8b9e1d2f2a6bed38ea6a7d24659de2	0.766301789077	0.926967592593	0.908234126984
8bc635c3f439e0a39cccde26eaeb9f	0.81413490284	0.872685185185	0.851686507937
8bf7c5d9df917940938d95f8c94441	0.725779967159	0.950925925926	0.55505952381
8c8122d322fc265b8892b75863867c	0.715560583208	0.714583333333	0.571428571429
8c98fc1f209c759a825f03f93f89ff	0.645620126706	0.742476851852	0.534722222222
8caee8c1c6c466d55b4947c409b87f	0.446603641457	0.969907407407	0.871031746032
8cb57fbbdd11383ec92a3637b60b54	0.673792989418	0.594675925926	0.602182539683
8cbc11825fd9f7bfcb49ddefb7b50f	0.459889281971	0.333449074074	0.484126984127
8cf128dfbec9af26e6c223cd0e3df4	0.814797410192	0.895949074074	0.812996031746
8d3575080f35b8a1312b1d65a42759	0.660445601852	0.83900462963	0.789682539683
8d87fb03058ecf257aaf1004c73617	0.637303018162	0.972222222222	0.879464285714
8e454b5d5c28f5c80357a64d6e4715	0.849680814355	0.719097222222	0.823412698413
8e6520edaed652e5f7944e1758fc03	0.363550457103	0.283333333333	0.297123015873
8f82840c4c3fbc9c3059b3845303a0	0.779567901235	0.713657407407	0.607638888889
8f9c18303b50bee518b7f86d87d0b5	0.905108024691	0.925231481481	0.530257936508
8fb6ae425ba5072c499e2ee6b46063	0.824964387464	0.905324074074	0.837301587302
902502455e64193281ae95bf842f7a	0.738678804855	0.835532407407	0.409226190476
90eef4f727715171145cba92fc8ecf	0.733718487395	0.85150462963	0.739087301587
91733301955d6f91302e559fa24850	0.812969924812	0.979166666667	0.884920634921
91934700597f85fb6317c9dbf7d891	0.774991925065	0.927314814815	0.786706349206
91fed8aafd29b737c69eab31ac041e	0.674809488692	0.781018518519	0.762896825397
92030d351d4c20ee70ceace43cc603	0.368283991228	0.0	0.535714285714
925ea7f271393c154c58f1c30f2a5d	0.777866054614	0.941898148148	0.676091269841
92645e0e3ff23fb3d25ce981e458b6	0.672664141414	0.825	0.824900793651
92b9694424324ffdb022485eb5e0fe	0.55496031746	0.303240740741	0.511408730159
92c736aaf115a5518b7df42e66c197	0.774783615137	0.632407407407	0.667658730159
92e0ff8f6ca2886fc8b99e4c0d6d9a	0.646450617284	0.631018518519	0.729166666667
92f48ae5a045169960cc2b7ff8875c	0.769240196078	0.858564814815	0.818452380952
92f9ef88bcf715d8c2a7c3bfa5bb6c	0.744764109347	0.628703703704	0.470238095238
92fa912a1aadbc0709337db233dd09	0.785817901235	0.840625	0.801587301587
930353c56b70747ab74b616a412012	0.834602029915	0.831944444444	0.814484126984
930a3d8e86ee06e9641784137f4f61	0.845183301034	0.960648148148	0.90376984127
93b4c08b31ff03f7420cdaa284af33	0.642401960784	0.445138888889	0.665674603175
93e2ae85fc5a093ab432aaa7ad1763	0.75194181148	0.633101851852	0.203373015873
93ee3970ccfb8de611b9a26bf20333	0.91011042098	0.951388888889	0.837797619048
946df17c3d8629f1a4212983afdca7	0.801603835979	0.586342592593	0.63244047619
9471a6b8b91dd6962522535e78c594	0.841420807453	0.761921296296	0.78125
947b8622c68247dd3c9f533053ee8c	0.705475663717	0.886458333333	0.797619047619
9521d0db4ccaa684c0faddb8bcb60d	0.925070028011	0.919907407407	0.875992063492
953b4105b53907f98ab33d10556b0b	0.938973063973	0.957175925926	0.794146825397
95446fbabc86685ee3ad5a59e3db59	0.250270061728	0.0361111111111	0.952876984127
9561b97d9af6f35cd632cf59532f6e	0.826566043084	0.775578703704	0.991071428571
95ecb16bfbd850e6e05ca2725f8226	0.868218570683	0.781597222222	0.720238095238
967181871139661df5bae398f1c0c5	0.626782039976	0.604050925926	0.81994047619
972204b2d674a4681b2cb77e70c2b8	0.169278797146	0.127777777778	0.47371031746
97af211c024090f0661bedbf6c4da2	0.586326058201	0.761805555556	0.763888888889
9921e804ed4a463a5e76f7e5bc1bee	0.958145645646	0.982638888889	0.958333333333
995a155356ba09745a5fcc786d03a9	0.763035714286	0.902893518519	0.791666666667
9a849f8874153f0250218ada9b442f	0.460883246528	0.375694444444	0.540178571429
9ad6318d21204ee7e0904185f1b81b	0.871689276486	0.786458333333	0.738095238095
9b27caecfb7a5783c46078bde0bef7	0.845494339126	0.93912037037	0.841765873016
9b4a9035da0b30b9912b965173a71e	0.819995590829	0.848726851852	0.701884920635
9b93513a14ba648b7b3ed3fba0acec	0.719655081622	0.309027777778	0.19246031746
9c4a4f274fa220c7f1cc60ab2c81eb	0.896263996555	0.955092592593	0.871031746032
9c6a27da9274f34af0b9647f3d458a	0.832145467836	0.922453703704	0.760912698413
9cdf571315bacdba2e219d14fc30e6	0.768461007591	0.474189814815	0.715277777778
9cdff49cee52a7d0584e251b512799	0.828412980516	0.912731481481	0.798611111111
9d878427dd9fe9c38da4335ae61a38	0.673750697934	0.860069444444	0.588293650794
9da0e7e13050cdc34b4b8915815155	0.726851851852	0.919791666667	0.81994047619
9da9d8e6fbaed4131d84be09b11f92	0.431340939153	0.870138888889	0.829861111111
9db71a8fa3c8787696c9aca48e191b	0.493493230626	0.875115740741	0.812003968254
9df86677fcaa3d5faaa9c7d0cf0293	0.678218799368	0.561805555556	0.472222222222
9e09569d26e997a8ce6930ad6e833b	0.770833333333	0.844791666667	0.754464285714
9f2dba989650196078401c7ca8434c	0.767091423948	0.832291666667	0.845734126984
a024c3e26f1a512f79cd8f64545a7e	0.895232371795	0.941435185185	0.820932539683
a03281caf7b2334f655f5ee1a9f81d	0.296248070988	0.32662037037	0.891865079365
a1785d2b09c2437a41417007162209	0.72615521327	0.812615740741	0.844742063492
a1b53dd54b35f741a839e346642e0e	0.772165144597	0.651157407407	0.590773809524
a2b3f3a37d9cb85bcbab801af394bd	0.326388888889	0.587731481481	0.373511904762
a2b469415f2124fa4fe55ad4f7608f	0.704277544351	0.85	0.832837301587
a2b72375fb81db4845cdbe04628504	0.724729073244	0.917592592593	0.834325396825
a2caf539f19ccfd91a76b8070e5c71	0.892884322679	0.857523148148	0.820436507937
a2cb2c66fe8aa9c191b5086f63bf20	0.826522435897	0.820023148148	0.523313492063
a3754b7ff60e56ccdbd5e4b5b0a3e0	0.848536036036	0.858912037037	0.804067460317
a37725d216cabde95cdba48b7dc30f	0.745252267574	0.579282407407	0.578869047619
a3a2e1a017cb8866da923e59f60436	0.85496304791	0.818402777778	0.812996031746
a3eaac154e8cbc7bc0e664eb2d6233	0.743394795658	0.940856481481	0.859126984127
a445a0460a2167b42ff8f091701d2b	0.0479947403024	0.0	0.239583333333
a45bb9662fe304708b2a27081be7e2	0.860637626263	0.682291666667	0.762896825397
a496b2d3b3c5bfb2e571b56d56baa1	0.396538220551	0.424652777778	0.669146825397
a4cf1741783e4231fd9901d7e2c073	0.687383286648	0.732523148148	0.791666666667
a56af57d95df202241df08e3e796c6	0.742650722471	0.491087962963	0.294642857143
a5a21108856c86bbee025c40bdf05a	0.710872719735	0.524768518519	0.413194444444
a5db572f4e3d1512cf6aa05b1e99c1	0.835385802469	0.912962962963	0.777777777778
a62da5ac24a5ae37c0ddb44c4fdd33	0.845711580087	0.949768518519	0.855654761905
a691bf791bbb688ce01ba23f5dd421	0.656487232574	0.897106481481	0.783234126984
a6ad00ac113a19d953efb91820d878	0.784177164083	0.598263888889	0.851686507937
a6eb210453e742ed77d3beab087d19	1.11273448773	1.14189814815	1.22569444444
a71a2187b259601a2a98005fa20012	0.815315315315	0.815046296296	0.816468253968
a7ca98c05c7fb99a5d13612e99ce5e	0.746265432099	0.881944444444	0.81498015873
a84bc7ddf32669b8e4a36b25bb0aef	0.861386684303	0.948726851852	0.748511904762
a86f60d62eaad69ef35e36650fc10b	0.8565	0.881481481481	0.688492063492
a8bb198c1e9a1eef03bf9dc4a8df8f	0.831979485219	0.913425925926	0.658234126984
a9070940de21016a7b6ae66179bbd9	0.726624503968	0.941087962963	0.87996031746
a94b118a62ebe7883a42d8966003b5	0.787445533769	0.849305555556	0.918154761905
aa49d102034b1ac7c0cf3af0d29817	0.709267040149	0.916087962963	0.823412698413
aa4fff3140eb2cbee8fb72545be790	0.805401234568	0.827430555556	0.691468253968
ab3cb495fa7fa6d763f373420e5efa	0.781400966184	0.873032407407	0.784722222222
ababc5aea750c4c40c2cc83d22d76d	0.79564701897	0.749189814815	0.963293650794
abb7fbea93b20aa1ba9e2e4ce985f7	0.738567872117	0.767592592593	0.59126984127
abc0f47c437f709cd8d6c5c0077239	0.711867283951	0.875231481481	0.794146825397
ac28006b4d4fbc0809852def3d62a4	0.825470229198	0.782986111111	0.797123015873
ac3cb2fc3b33a6c71728d93aa9dc94	0.473324514991	0.569328703704	0.460317460317
ac624a66498fc30fd5d6aa95f4f83c	0.8285399729	0.943402777778	0.812996031746
ac7244ac423b5f2ac6e99749dcc953	0.718315972222	0.681597222222	0.875992063492
acb4b0c97635597d3cb4c06223e008	0.707545518207	0.921990740741	0.816468253968
acbe18da692544a87097df5012060f	0.771945128626	0.800115740741	0.827876984127
acff5dff3314f1c2da5032d1b85b50	0.799474847982	0.810300925926	0.921626984127
ad411b6d72c3f1afb9e48b0c44c51b	0.650940458396	0.566435185185	0.344246031746
ad7bd9ab5bbb31744768748eb77648	0.404258040936	0.308101851852	0.35119047619
ad7e205adb0d0858d0b9d66eefda9e	0.822067901235	0.669907407407	0.800595238095
ada545a6e56ae5510b2a2867b6bbe9	0.818975970018	0.910532407407	0.723214285714
ae16f2eed5a72e4c27ae64bdabcfec	0.874549062049	0.903009259259	0.825892857143
aef47bab9de5a8a0da1f47ceafac2e	0.0438291910331	0.000115740740741	0.268849206349
af10af8e920eeea866c592bd944035	0.717670401494	0.862731481481	0.828869047619
af16e81fd508bcca2a5959dc240fc1	0.908364197531	0.878472222222	0.876984126984
af1a0a02a3be070703128acde8d4b0	0.677151416122	0.744097222222	0.833829365079
af4153cb1bc53d22cf19e74e3a7cd5	0.767135275519	0.867824074074	0.669146825397
af4691234a19ad1e302ec7dcb93b25	0.826411732456	0.757291666667	0.767857142857
b01ea507632fa90108842135f5b7c2	0.866042250233	0.776851851852	0.532242063492
b05b5d703303101c337ad9913b24e4	0.7543767507	0.925462962963	0.849206349206
b05dd76dcfd1bf8e7d6f24640064c6	0.863832582583	0.874537037037	0.817956349206
b05efe41ede6942978304bea1ebe7d	0.902803884712	0.850462962963	0.724702380952
b08afeeb144d09413e42f6bd7892a7	0.724382716049	0.72974537037	0.668154761905
b097d682e75795ce75fd30dfda5479	0.942527958153	0.973611111111	0.87748015873
b14230205a03890e9b13ae24b952b0	0.688900560224	0.765856481481	0.835317460317
b1eb79377e13bf7643e56158c94b62	0.794432153392	0.793518518519	0.809523809524
b1ffe92d5752c8650aa9f4293725c7	0.773626893939	0.935069444444	0.763888888889
b24e4bebb89ce024c8545dc3d049d4	0.839066537468	0.881018518519	0.784226190476
b2562755ffbdb54d1e384fb891bfc1	0.704008556548	0.335763888889	0.224206349206
b3652c3ac27032bd78a9ca71cd61af	0.927458708709	0.943981481481	0.856646825397
b3c09c63aecabcdf863486550dc525	0.81315214326	0.935532407407	0.878472222222
b45ef636007b6431d3fb9e0ee286dc	0.725615976146	0.728240740741	0.563492063492
b4989ada8da56400176f0b15a027fc	0.548500881834	0.926041666667	0.80505952381
b4c9b51710ad96c32f51724575a281	0.86796042618	0.958333333333	0.845734126984
b50780f9f5082c4ae183912e63a0af	0.780964611872	0.913657407407	0.75744047619
b51b39b73775e03d591822d4a309b1	0.870827497666	0.90150462963	0.846726190476
b51c30990dbc13bafe3983fafb84f0	0.902462121212	0.919444444444	0.856150793651
b5a4b4a2ff6430974d9822d5ac21b7	0.759405525031	0.584027777778	0.696924603175
b5ffc6dba272d4c4740d4367970620	0.830774853801	0.861342592593	0.835317460317
b600d2468831e0b3480a69af903dfc	0.885416666667	0.925925925926	0.880952380952
b6146601ba9b2282bf0aeb9688fc37	0.731937056738	0.518287037037	0.00297619047619
b61cb47ea32801249f348de7d00a87	0.945337301587	0.965046296296	0.893353174603
b644f3f859e7ed56fa5887b7a2e623	0.691682449495	0.522569444444	0.665178571429
b65b7af0d008f2e8fc03e353cd8468	0.766439282203	0.580555555556	0.803075396825
b66eaa85a32176f304700e02d97af7	0.785700757576	0.950462962963	0.886904761905
b6b01cf50764faa5d83a4b64b47230	0.654318086884	0.473611111111	0.721726190476
b6caa6316aa74fe2aa3b6bdbb031e8	0.61629608869	0.872685185185	0.651785714286
b721a269f72c909ff980ccca004284	0.892338416848	0.900231481481	0.850198412698
b7b98e1489e735d8ce4d30348efcc9	0.685747195513	0.419791666667	0.573908730159
b824a9fecc7b4853bfd3d8f68fa3d0	0.188865147198	0.0	0.000992063492063
b8606cdd2d3eec8069f72b8ce27ed2	0.703484549638	0.472916666667	0.245535714286
b8f6f11e4a4e6037ae7d481448b5d6	0.77214889579	0.749768518519	0.668650793651
b9cc2b6d9343893409223155ee7424	0.670279023418	0.516435185185	0.559523809524
b9f171b3707df217ae53fa4c1df5e0	0.8375	0.743518518519	0.615079365079
bab567e751d07504ac8c48a6f4bc95	0.7922754329	0.590625	0.635416666667
bacbb5d3a40ea864012805acd37642	0.853120015949	0.78900462963	0.698412698413
bad505810bba2855202746107b9a58	0.753057628524	0.767708333333	0.696428571429
bb0d713bb7502e8a2c6c5bfe7ebaa3	0.888078703704	0.725231481481	0.697916666667
bb3f9dfc64509a9dee49ec4c7e670d	0.530063291139	0.88275462963	0.741071428571
bb456ad3233edeac3b6b8b3481ca5c	0.729662698413	0.676851851852	0.681051587302
bb52cb6f77fc5161b9de58e48cebf2	0.764880952381	0.0	0.764880952381
bbde3419b06123e2f6114fa6589783	0.854598765432	0.908217592593	0.676587301587
bc821427d84e103b312eaeeff57ff8	0.60480628655	0.565393518519	0.819444444444
bd359f1a4215e36f6554b87bfba4b5	0.920949074074	0.713541666667	0.888888888889
bf2427a366e106fdefe144a79a993a	0.0381436314363	0.0	0.000992063492063
bf418ab14af57fc4fe566e4260889d	0.583493589744	0.522453703704	0.416170634921
bf6736869df700a4c66727c61e3d66	0.682381854257	0.334606481481	0.339781746032
bf9144da55b2410cbaa084dec2c559	0.738077309237	0.761458333333	0.636904761905
c021fcab492cabb17f49b42ad2ac6f	0.834771324355	0.810069444444	0.803075396825
c09a61997182cf780c668993e7d38b	0.582901234568	0.737152777778	0.484126984127
c0b07e2ad6a428add036e03a19d989	0.768775720165	0.51724537037	0.748511904762
c130d6d1bbb6d17e7089147b62ee52	0.703859508547	0.778472222222	0.657738095238
c13fe902dc0397f4fe2f08d81bd802	0.803424873737	0.846296296296	0.715277777778
c1f41ab4f401c083bf32ee94160746	0.834431386515	0.865856481481	0.727182539683
c2449a590152d6d053bf79f8e175d9	0.77773763648	0.709143518519	0.615575396825
c24c443dc8c75fba5ed5a4d01fa3ed	0.813063865147	0.909606481481	0.744047619048
c2b4d5ef426463ee78346d6ddd9ab9	0.902078823954	0.899189814815	0.816964285714
c2cc20e0dca4e06a045f11faa6b20d	0.847585227273	0.951388888889	0.833333333333
c2ec8e0271c739da92a3eb86c5943a	0.639682539683	0.715972222222	0.813492063492
c31d2808f40a038a3e33ed0036ac0c	0.707855902778	0.893518518519	0.077876984127
c3bd69af3c2266aba495dec7215eea	0.841543209877	0.957175925926	0.836805555556
c3e0d3ae5936ee580d4dcdba281446	0.863525803723	0.939814814815	0.798611111111
c3ec103312a5d2454bfa46db7a0cea	0.167980919003	0.0	0.0014880952381
c3f65354f5b58f1a609e62de94a66c	0.295138888889	0.0	0.210813492063
c4d85dcf180ac803749f03c68c941e	0.824288048553	0.816435185185	0.84375
c5274e388299c2d90fde2707bd3cfd	0.659213362069	0.61412037037	0.516865079365
c52d40a1589949fec71725936eb1d6	0.825332821301	0.570023148148	0.798611111111
c5479424dcf7c96236bd1924fbb9e9	0.631499726327	0.49375	0.418650793651
c556749516c6903820c8f1013968ef	0.787412412412	0.863425925926	0.667162698413
c57e0f05b263ee8827fc6798662fed	0.832122093023	0.812962962963	0.863591269841
c58969f60280e07662e4ed23008de5	0.681567638266	0.696180555556	0.889880952381
c5d9973d00ef01e50aafff2726f4c9	0.81356292517	0.864236111111	0.860119047619
c66a932629a9b8bd2cfe12ccfabe2c	0.882498832866	0.924189814815	0.856150793651
c67504e3aed096373b11270542b4ed	0.762828668363	0.633101851852	0.615575396825
c67d29cd66bc0b80eae266e200d8a3	0.803206191266	0.778356481481	0.865575396825
c6d4d29cf79ede2bb89136e4cb64fc	0.511036706349	0.537962962963	0.272817460317
c71b8920ce278a5ad6d6da2b0f8df8	0.83995681606	0.929282407407	0.75
c7226831c5abb074d6346b9fe93e8b	0.693858024691	0.911574074074	0.799107142857
c730ee80ef78de7acf5e3fb769fff7	0.673493008314	0.82349537037	0.784226190476
c73893b4aeb4d4a6eae8750499a782	0.713235294118	0.831944444444	0.751984126984
c7db19a439bd43bf467912f56453d7	0.816305175038	0.693055555556	0.495535714286
c7e584d9dfdf46005b3f6c6426eda0	0.748835403727	0.676273148148	0.741071428571
c860af217587876d4bcf398fa0502a	0.836867283951	0.805787037037	0.75248015873
c90d44555a7d3b36a1430ebf45dcf7	0.77994997367	0.764351851852	0.703373015873
c95904a9939da4589c3cd429442f02	0.853184991274	0.794907407407	0.750992063492
c97d4dc047548a58aed2e7aaca58be	0.714326001128	0.736458333333	0.131944444444
c98005d8b6113ac75b06520a090a19	0.762746132208	0.895601851852	0.784722222222
c9892c6a58db0beb23dbfcfa3a138e	0.837957146845	0.760069444444	0.621527777778
cb06289651ca621023c2bd53f9d910	0.802176339286	0.915393518519	0.907738095238
cb19a14239d6a57a05a8115bde198f	0.6875	0.125347222222	0.739583333333
cb20103dc05ecab467de4e08856559	0.70428946477	0.943634259259	0.889384920635
cb251815267e679451596915e56dd1	0.820231481481	0.874652777778	0.875992063492
cb74635bee4ced78eb46f109b96584	1.08422364672	1.05949074074	0.863591269841
cb969ab50a684a4dfe7452013a3d58	0.810369981326	0.779861111111	0.438492063492
cc1cf9714ccd17bdeaf374cad42e26	0.880428791887	0.92650462963	0.792162698413
cc28cb1efb8bc0870ed5426cd74339	0.677866541353	0.886342592593	0.826388888889
cc41f06222720d01dbc89a8adc517e	0.897997835498	0.811689814815	0.697420634921
cd55c9def355c1c56670876e4197d2	0.81950280112	0.894675925926	0.794642857143
cd73241194368820757434ba3edf69	0.748356894841	0.624537037037	0.40625
cd9b131c208b319e19fa3100902e34	0.735693400167	0.892361111111	0.464285714286
cde6babac6f969b8e5a585ea6f6651	0.784086681548	0.674189814815	0.62251984127
cea3bd41667668bab0d93d44aefb99	0.827397910731	0.950115740741	0.768353174603
cf05f7d02616823ce3a6ebdc375851	0.678576568797	0.482291666667	0.455357142857
cf485fda49fb20a8488d06622c1cb3	0.886088709677	0.924537037037	0.876488095238
cf4a1ae70c7e993b639136beac8754	0.858714355949	0.952083333333	0.785714285714
cf69b3e08a13b02b75837edca99887	0.874487433862	0.778009259259	0.732638888889
cf9f540abd8343344f31ef36e93532	0.737486897275	0.744907407407	0.705357142857
cfa1455bf50eec528b09e1db8f0f3d	0.572635135135	0.935069444444	0.886408730159
cff8e0c7fa2da314c5d2a59e9362d8	0.552946371227	0.463078703704	0.257936507937
d045d4a8f0b069b44008d18bcb6f3d	0.274305555556	0.0	0.297123015873
d04e783b54c555f2b6b1a4df541508	0.84983572282	0.70150462963	0.739583333333
d0835aa354df732a6e9a1174a3ff4a	0.769248921251	0.870023148148	0.849206349206
d0d815b8b9acb696ef2622fefc36f5	0.737787356322	0.866666666667	0.710813492063
d0e6e2a222932320a6329d9b6b8176	0.563862031921	0.446412037037	0.204365079365
d10c230dd1eba0aeb6f4a2a2a90b94	0.74415954416	0.709027777778	0.412202380952
d10de76bae13bd6204b3d2af9ed973	0.907149621212	0.937037037037	0.855654761905
d142a1816d6218601e582858278391	0.939639283834	0.905671296296	0.705357142857
d18d479da38824faccbb838c725f6f	0.700023038441	0.970486111111	0.920634920635
d224183095b2fab5f490b9c567a8fb	0.883417508418	0.778587962963	0.78373015873
d3056e353d8c9a3bef1dfc2d6df1c4	0.685317460317	0.787731481481	0.606150793651
d34f18de84e2b46316a8595e5eaf03	0.758888888889	0.883564814815	0.738095238095
d37f1249f3966aa0ae5f81b17b9d7e	0.842569786535	0.957175925926	0.860119047619
d3e0c714c531f7101d36e9a1020a51	0.856437969925	0.905671296296	0.653273809524
d41d4829eae4c4e9563d323f3be5fa	0.820797258297	0.714351851852	0.837797619048
d46c74f3bd4163f03dd1d7ed3552f6	0.160112847222	0.538541666667	0.910714285714
d4787a04e65cc4e329c82477f6bb07	0.685690943044	0.898842592593	0.75744047619
d48a2f76aea025294b416253f8f539	0.921583850932	0.952314814815	0.862103174603
d4cff7a1ce18259fdd76d6b3327360	0.0582313578749	0.0	0.0669642857143
d5f7d3e1e9544ad5f0e0b5797bcd26	0.781342182891	0.838773148148	0.808531746032
d6af3ce7b48f6f5d7ad09f529c032b	0.745594070962	0.613310185185	0.895833333333
d72781a1cb75fdd9d17b4fda94a877	0.357525971093	0.401273148148	0.949404761905
d73c619c0fb1b15105ba43430459f1	0.576920520999	0.566782407407	0.720734126984
d7d9f3fb4c14358771ea23d846eb5a	0.583425191064	0.551388888889	0.63244047619
d842b4d587e79351e90a0dfd91c46b	0.820625472411	0.6375	0.628968253968
d8803c5ef98fc2a4e6cc7e7ce40c8f	0.787933375104	0.857291666667	0.846726190476
d8b851c6a61ea0ce4de714f47426bf	0.804659498208	0.927199074074	0.890376984127
d8c91fb7e62e82726428257b3f83c2	0.815023291925	0.768981481481	0.71626984127
d9c623856588a20ed6a7c5fcf1be52	0.587880291005	0.581828703704	0.609623015873
da619153ae06ce41dcab836854751a	0.886073573574	0.898611111111	0.832341269841
da8cd4c510d19f837d483beb93638e	0.863018925519	0.76712962963	0.868551587302
db1af20268549bf209f057200503ab	0.795462570621	0.722569444444	0.667162698413
db87b4be63494e295a2e2385c1beae	0.816613488488	0.708912037037	0.755952380952
db8b559f23b4b9bbdc773ddd40a0c1	0.878386699507	0.940509259259	0.845238095238
dbbf1adb3264464838b938429d674b	0.766971182412	0.692824074074	0.541666666667
dc538680b14ea5ef1bec097effd261	0.617171121593	0.626851851852	0.481150793651
dcead5dae37182784d4c9603a718b0	0.891231001048	0.845486111111	0.555555555556
dd1932a9470f6d14dd8d45d66f3c8c	0.719228927203	0.895949074074	0.772817460317
dd2c2d79f8e0a38073fd286ec6cf0c	0.867923280423	0.88912037037	0.684523809524
dd5d25f66233cfaf115032b2b04ac0	0.762239979706	0.847916666667	0.670138888889
dd685080648ebc86f193354cd8f24c	0.637692577031	0.806365740741	0.81498015873
ddb63b1c90f28acf3f9e1721bbf4fd	0.824202674897	0.535069444444	0.885912698413
de37648f5008781699f2313eb98de8	0.872275385433	0.74849537037	0.78621031746
de8b30c2f45d29b3af1f9270549ab7	0.511541005291	0.798958333333	0.920634920635
df4b3f9980564aa2cbc3beca9eb019	0.918154761905	0.923611111111	0.883928571429
dfd4d2dfda893facfd1b59aa20df18	0.783256560581	0.784027777778	0.491567460317
dfede76210af108b4556cefc7c2fb0	0.651508363202	0.865856481481	0.125496031746
dfee22d7f2f7b2f7316dd4d532cd64	0.781217243187	0.621759259259	0.840773809524
e0880f479d9bf20b44c80416026851	0.704220604099	0.979050925926	0.889880952381
e0c9ae4cd882a8aa088d2380588717	0.450810185185	0.547569444444	0.332341269841
e0d15ce6eecc42220e1522555acfb8	0.81301713948	0.787037037037	0.924603174603
e0ff150ec84ed84acac7e5a7f9c91e	0.690469663743	0.957523148148	0.919146825397
e12639a4484e781e9c11951b47eafe	0.591118584953	0.481597222222	0.353174603175
e19f078d73e4d72657e938b2547ab5	0.559489678899	0.823263888889	0.780753968254
e2631f160f1ec6bf1bd2057efcd34b	0.853587962963	0.886458333333	0.818452380952
e280be63ab4b0d6ec9596e0500ea02	0.857539207868	0.792476851852	0.599702380952
e28e0f67fccbecce9d97058ce2894e	0.654260887772	0.658912037037	0.741567460317
e2b531dd96b79f69ee8399932b5a08	0.845456685499	0.704398148148	0.744047619048
e2f169c1af5636f137fa5cc8565bff	0.798487103175	0.567939814815	0.943948412698
e2fb0cd0a635039611afdb0aeb42e9	0.845322327044	0.848611111111	0.847222222222
e393ffb658343d8ded19dbc2a0569d	0.478064373898	0.601851851852	0.832341269841
e4018ed430254ab90243ae43c55ba4	0.894557823129	0.927546296296	0.835317460317
e52db1cad788d199dcb827b1cbea82	0.867480684327	0.883217592593	0.856646825397
e696d682f9ac5fe86765d8091f6ec2	0.864083333333	0.83599537037	0.826884920635
e7659834f15dd1cd2f7d1774f40156	0.849702380952	0.712037037037	0.83878968254
e8bf614d346ce948a89acf28c5e03e	0.930457746479	0.924305555556	0.867063492063
e8ceef6f57bb5dac717a2e2b2a9c3a	0.599497126437	0.435763888889	0.616071428571
e9546d265586f619cfaf9caf215751	0.558172064244	0.36400462963	0.325396825397
e9fab4c52b3946e8b2d37bfa2ae88a	0.672884366925	0.845601851852	0.744543650794
ea0a8f30774c42bbb04857c0fe52d3	0.57337962963	0.644791666667	0.374007936508
ea6baccbec3dd6395eec8980a63b3e	0.721555679563	0.677314814815	0.740079365079
eb19078412a577d91e500359e882af	0.832514412998	0.749652777778	0.919146825397
eb3eadcfca46fbf2bf073958c7121b	0.711056957187	0.880324074074	0.877976190476
eb4456f5f37fd423d6460fd526b01a	0.828282828283	0.595717592593	0.884920634921
eb80b0035d6ac87d984512a675c272	0.4136042098	0.187731481481	0.878968253968
ebbee5d7439dcaa24c0212ba019471	0.596225710015	0.597106481481	0.34623015873
ed0b389ed8c2edd8dd7bec5fb60b35	0.766666666667	0.808333333333	0.645833333333
ed64e5aa98123c437fe7d4bc2c50ca	0.806071937322	0.524537037037	0.822916666667
edee4437ecb26bd20c897d81ce5d77	0.828959014161	0.944675925926	0.812003968254
ee1d0db436700b8fb58bd4bbeb093d	0.538708271051	0.846412037037	0.762896825397
eec3ca831d571fc222b3b323297b8e	0.312359234234	0.163773148148	0.0714285714286
eed9fde29dbeb5ac59b6529e17503e	0.580398478836	0.617824074074	0.661706349206
eee011391082d44919d32d1ed03a90	0.915119799895	0.900115740741	0.881944444444
efb70797d400f4e80efd9dad386c4c	0.908580455455	0.716203703704	0.71875
efc0c0fa076681a1a0f19658f7edbc	0.872106481481	0.321643518519	0.864087301587
eff2a8dc540aff44bbaa2c4bac2489	0.769420903955	0.726388888889	0.541170634921
f0010b01e66db6f5fa4efaf2456ef6	0.804319679849	0.903009259259	0.769841269841
f0e5452b192f3089d3b4329a8ef397	0.683527777778	0.614467592593	0.84623015873
f0ef3769fb2311ca15726c9bdfb5eb	0.934751157407	0.530671296296	0.930555555556
f0efaadede67db4b9e79f5532173d6	0.858123385013	0.899074074074	0.853670634921
f10198139b73e528f2d7ace17d8049	0.61089559387	0.44212962963	0.909722222222
f270b799827803f664ea09d5e12079	0.868930905696	0.950810185185	0.818452380952
f2de187cf8d740f6a1c6f5ffd5d6e9	0.911357125062	0.91099537037	0.892361111111
f301371eff0d2af8c46a06e3513b8c	0.397101725013	0.819791666667	0.900793650794
f34c9ceb22c7f36b3f543f927ead62	0.785498366013	0.907523148148	0.900297619048
f3bc7f8db9e19bf6225840c5954d63	0.151524644946	0.327314814815	0.198908730159
f41954539a32ca2b901b689db32f51	0.864521604938	0.975925925926	0.854166666667
f41c375b5c87d3593b963b49a3f9a3	0.644907407407	0.521180555556	0.808035714286
f46397f4521372d2436408694a60ca	0.917240338164	0.942824074074	0.818452380952
f4ea58c4286dee3f25ecba4ab6c0a2	0.167341820988	0.200694444444	0.000496031746032
f503e20b20193858c8012a855cae0c	0.808996775794	0.961689814815	0.883928571429
f56045ab800a97c7c95ea532e42039	0.537088938714	0.0842592592593	0.106150793651
f58eee6f78f620b135961fd7ff5724	0.748980379189	0.886805555556	0.509920634921
f5997517265884d4c802f50e2b9017	0.865462962963	0.915972222222	0.853174603175
f5a3832701d7dbcdba3fa74761eccb	0.517740885417	0.05625	0.0585317460317
f5af9b2c2dba4338fde01b4e2b0b98	0.778344671202	0.761458333333	0.622023809524
f61c8da7a48f7a3ba571a5520e6e7a	0.852852852853	0.872685185185	0.767857142857
f663474b2f3810922ad997ff0206f6	0.0401041666667	0.0	0.000496031746032
f67557065fa87f741570c4459d522f	0.806636530398	0.687384259259	0.784722222222
f6f3c7632ba4bd438417ddf266b36f	0.892107432775	0.818518518519	0.909226190476
f77960192770abfbf1a244eece720f	0.927107115677	0.944560185185	0.872023809524
f7a9090f3d3df553e744a798e9eb0a	0.726228632479	0.942708333333	0.809523809524
f7fde91e768712135ff8279294675d	0.829365079365	0.888773148148	0.0724206349206
f80d75806d5cb84ff89e17ec77954d	0.599841101695	0.894097222222	0.795138888889
f815b43d653ff005f69c338a0804a1	0.833404195011	0.905555555556	0.842757936508
f898ff2e5add07562a02bcd3fb0c64	0.855194160998	0.898148148148	0.850694444444
f924ea486f7094662af9dace714b39	0.801046176046	0.608449074074	0.427579365079
f926463d3f09fb9e0cf9d29c614904	0.853539156627	0.916550925926	0.857142857143
fa14720117a29e0a03f8f23975de5e	0.682705865764	0.745833333333	0.792658730159
fa6888e515d215098810f7dad65d67	0.599861111111	0.0605324074074	0.0917658730159
faca41cd35d96009eb9a0a2d3e1cbd	0.70844852554	0.939467592593	0.815476190476
fc370dcee39205facae04d4c4fbac1	1.15395880574	1.221875	1.22569444444
fc9930b9429c2cb995f59f76234ada	0.675611772487	0.500925925926	0.692956349206
fcac8d2d3cf62452c64539ae5233db	0.77398989899	0.842476851852	0.944444444444
fcd4af54a17393e65b5ade3d071593	0.843784549475	0.851273148148	0.885416666667
fd4f39e32aebb3e32f6a1a92f4551e	0.665877525253	0.710416666667	0.550099206349
fe804a9a69d23fb9c5ab5083603b65	0.789264649924	0.973958333333	0.942956349206
fe8777f4c16bb88d67502eebbf5597	0.879539295393	0.913078703704	0.767857142857
fe917f9bc24f3caac6db5be346aa86	0.840222663139	0.867361111111	0.860119047619
ffab21cb5029ff55c04f3051bb0de5	0.740025550314	0.657060185185	0.848214285714
